ASIN,Title,Rating,Reviews
B0CJNQBKX9,"WEYON Smart TV Television 55"" Pantalla LED Android TV, HDR, Bluetooth 4K UHD, 3 HDMI / 2 USB/VGA, Diseño sin Marco 55WDSNMX",4.2 de 5 estrellas,19 calificaciones
B0C47PZ6HR,ONN Televisión de 43 Pulgadas Serie 1 Class 4K 2160p Pantalla LED Smart TV HDR Compatible con Alexa y Google Assistant (Sin Bases) + Soporte de Pared (Reacondicionado),3.9 de 5 estrellas,56 calificaciones
B08TVSM195,"Television ONN de 43pulg  Pantalla Smart TV LED 4K con HDR, 3 Entradas HDMI, 1 Puerto USB, Studio Sound, 100012584 (Reacondicionado)",4.3 de 5 estrellas,92 calificaciones
B09WTPYGFF,"Hisense Pantalla 50"" 4K Smart TV LED 50A6H Google TV",4.7 de 5 estrellas,"5,921 calificaciones"
B0C587FK1Z,"LG Pantalla OLED EVO 55"" 4K Smart TV con ThinQ AI OLED55C3PSA",4.6 de 5 estrellas,54 calificaciones
B0C588JRZ2,"LG Pantalla UHD AI ThinQ 55"" 4K Smart TV 55UR8750PSA",4.7 de 5 estrellas,231 calificaciones
B0B148FR2J,"SANSUI 32"" HD TV SMX32T1H 2023 (32"" Basic)",4.5 de 5 estrellas,531 calificaciones
B0BKTX65NY,"Westinghouse Television de 32"" Resolución 720p HD Combo TV con DVD Control Parental HDMI USB Frecuencia de actualización de 60Hz LEDWD32HX5201 (Reacondicionado)",4.4 de 5 estrellas,189 calificaciones
B07V392Z8K,"RCA Televisor 40 Pulgadas 1080p Full HD TV, Pantalla LED - RLDED4016A (Renovada)",4.1 de 5 estrellas,8 calificaciones
B09NS3HYM2,"KONKA Television de 55” Class 4K Android TV LED UHDTV Compatible con Youtube, Netflix, Disney+, Google Assistant, Chromecast y Google Play Store Integrados - 55U55A",,
B0BPYZY1JQ,VIZIO Television de 65’’ Class 4K M-Series Smart TV HDR Compatible con Asistente de Google y Alexa M656-H4 (Reacondicionado),,
B09S4Y1NGM,"LG Television de 70"" Class 4K (2160p) Smart LED TV Compatible con Netflix, Youtube, Spotify, Disney+, Apple TV y Google Play - 70UN6955ZUC (Reacondicionado)",1.0 de 5 estrellas,1 calificación
B0BZQZ12H8,Samsung Television de 65 Pulgadas Serie Neo 4K Neo QLED Smart Tizen TV con HDR Motion Xcelerator Turbo+ AntiReflejos Funciona con Alexa y Asistente Google (Sin Bases) (Reacondicionado),5.0 de 5 estrellas,1 calificación
B0988XZJPJ,"LG 65NANO81ANA Alexa integrado NanoCell 81 Series 65"" 4K Smart UHD NanoCell TV (2020) (Reacondicionado)",,
B0BSVKHMVT,"SAMSUNG Television de 55"" Class 4K 2160p QLED Smart TV con HDR Modo Arte Antirreflectante con Pantalla Mate Sensor de Movimiento Vista múltiple Tecnología de Tizen QN55LS03BDFXZA (Reacondicionado)",,
B0BZFWS4VS,Samsung Television de 70 Pulgadas Serie 7 Class 4K 2160p Crystal Smart Tizen TV Frecuencia de Actualización 60Hz Bluetooth Google Assistant (Sin Bases) + Soporte de Pared (Reacondicionado),4.1 de 5 estrellas,15 calificaciones
B0817H41YN,LG Televisor OLED65CXPUA de 65 Pulgadas; 4K UHD Smart TV con Inteligencia Artificial; HDR10 Pro y Dolby Vision,4.7 de 5 estrellas,"2,237 calificaciones"
B08X9QC1RZ,Televisión Westinghouse SmartTV Led Proyección de Pantalla con Screen Mirroring HD WR32HX2019(Reacondicionado),4.3 de 5 estrellas,12 calificaciones
B0BYTJTF1R,TCL Television Smart Roku TV de 50 Pulgadas 4K LED Serie 4 Class 2160p (Reacondicionado),4.1 de 5 estrellas,10 calificaciones
B0C7FK1P58,"TCL Smart TV Pantalla 55"" 55Q650G Google TV QLED Compatible con Alexa",4.5 de 5 estrellas,50 calificaciones
B0BCMKMMK1,"TCL Television de 55"" Class 5-Series 4K Resolución 1080P HD QLED Dolby Vision HDR Smart LED TV Compatible con Netflix Disney+ Apple TV HBO 55S531 (Reacondicionado)",4.3 de 5 estrellas,337 calificaciones
B0BRBV8L6X,"TCL Television de 55"" Class 4-Series 4K 2160p UHD LED Smart TV con HDR Puerto WiFi y Ethernet de Doble Banda Control de Padres (V-Chip) Funciona con Siri, Alexa y Hey Google 55S41 (Reacondicionado)",4.5 de 5 estrellas,11 calificaciones
B0BT5NGC6W,"SAMSUNG Television de 55” Class 4K Crystal UHD (2160P) LED Smart TV HDR Compatible con Netflix, Youtube, Disney+, Apple TV, Spotify, Google Assistant y Alexa - UN55AU8000FXZA (Reacondicionado)",5.0 de 5 estrellas,1 calificación
B0BZWR2V6C,LG Television de 70 Pulgadas Serie 6 4K UHD 2160p LED Smart TV con HDR HDMI USB Frecuencia de Actualización 60 Hz Alerta Deportiva Compatible con Asistentes Inteligentes (Reacondicionado),,
B0C4W6YBN6,VIZIO Televisión De 70 Pulgadas Class V-Series 4k 1080p Procesador IQ Ultra Pantalla LED Smart TV con HDR HDMI USB Motor V-Gaming Compatible con Alexa/Siri/Google Assistant V706-J03 (Reacondicionado),,
